bayers100@Millicom.com,bayers,hd0MiSXRP8k=
bboyer101@Telia.com,bboyer,nfBuL3pyzEQ=
lmills102@Safaricom.com,lmills,wRnXYsF3wM8=
mvance103@Chunghwa.com,mvance,7YVEis5adSA=
ifitzpat104@Telia.com,ifitzpat,/Ulgysl6GmI=
swyatt105@MTN.com,swyatt,DYiLsOHMyho=
fellis106@AlgoNet.com,fellis,rlu13PwSxno=
mramirez107@Safaricom.com,mramirez,t4fIMiphdjs=
clindsey108@Rogers.com,clindsey,BX345EREGZE=
klong109@Telia.com,klong,oF+8quDEEFs=
nrowe110@WorldNet.com,nrowe,Wfq+j67ndGo=
mmcdanie111@AIS.com,mmcdanie,MK/cdrC/cDY=
bsalas112@Turkcell.com,bsalas,XhMdO8jxwsc=
rbailey113@Telia.com,rbailey,+orUs3W/S0w=
vmosley114@Telus.com,vmosley,BGZMrMEJbbg=
smorgan115@BT.com,smorgan,gM7kb8fZEAI=
alawson116@NII.com,alawson,h2Zr81Hei5M=
sspears117@BCE.com,sspears,JXtl1sT0Cqc=
echarles118@Zain.com,echarles,oGP3NZrKWAA=
wvalenci119@TM.com,wvalenci,5ni+4HURxVw=
bmcguire120@SKTelecom.com,bmcguire,HjP/eyISpxQ=
csanford121@Etisalat.com,csanford,H/0kRLRWRwY=
faustin122@UI.com,faustin,KdKqm5RXHOs=
dmccullo123@Orange.com,dmccullo,qaoeeXzvhSI=
breilly124@cerist.com,breilly,TR1JqZpcRIc=
apaul125@Telia.com,apaul,P1l7fHIPB38=
eguevara126@NTT.com,eguevara,LbrZD+WXXcg=
gpineda127@Etisalat.com,gpineda,sV04dc9r5pE=
vgregory128@PTCL.com,vgregory,CKIA57iMkCc=
croy129@UI.com,croy,97kzf1H0Gtg=
mcastill130@KPN.com,mcastill,1l1r8+nWST8=
gsutton131@SKTelecom.com,gsutton,UD8r9C5K4aw=
amayer132@WorldNet.com,amayer,Bip4szRea9E=
ebooker133@EUnet.com,ebooker,gjnE+qVGE/s=
cclark134@Millicom.com,cclark,qdB3aAqYdfQ=
mtanner135@CUBENet.com,mtanner,gDQhDISlqBI=
cwells136@Telus.com,cwells,/RUkOAtRbVc=
chiggins137@NII.com,chiggins,K91Zfvnv62I=
lstanley138@NordNet.com,lstanley,yNZ1VNgYaqE=
awells139@TM.com,awells,ENKVt7sb8Mg=
aford140@Belgacom.com,aford,AG8Rp4WwaoA=
acopelan141@Chunghwa.com,acopelan,v6qdNz6jvVM=
rrodrigu142@Millicom.com,rrodrigu,Up/2xuHvGHI=
gknight144@Vodafone.com,gknight,r1xURD1cyqQ=
bjaramil145@Ooredoo.com,bjaramil,/9hLOp4yNfE=
wbass146@Zain.com,wbass,/xyymYpowaM=
nbridges147@Vivendi.com,nbridges,AZj9RqVfmj8=
rhurst148@Rogers.com,rhurst,VSPTDnd018Q=
lmcphers149@Airtel.com,lmcphers,eLjBGTZYZPg=
mmurphy150@Telia.com,mmurphy,rvJpvkM594A=
eodom151@Oi.com,eodom,y886I/SyHcg=
snewton152@DaxNet.com,snewton,dmAucK43MZs=
codonnel153@TeleSystems.com,codonnel,6C/XckV66Oc=
fstaffor154@Telefonica.com,fstaffor,9n3jx4A0T6Q=
lmoses155@Telenor.com,lmoses,DEm1uUiWdjQ=
thuang156@Telekom.com,thuang,HWsAaVRxW7E=
phamilto157@CCS.com,phamilto,HcpHKfmd5B0=
dponce158@TM.com,dponce,kNgwZFKy4bQ=
bvance159@Telecom.com,bvance,BcCJKv50EqY=
dvo160@Telenor.com,dvo,Es1gfv3/Gic=
dhall161@NTT.com,dhall,hTIVQKmTWUc=
bcurry162@GreenNet.com,bcurry,MDCLGIWzo9s=
egiles163@Orstom.com,egiles,TZ22qSSRRlY=
hmeadows164@KPN.com,hmeadows,cCMEY9cbxmQ=
lstrickl165@SKTelecom.com,lstrickl,2hCwhGgIi18=
dmullins166@KDDI.com,dmullins,vMkBYZAzcTw=
mleonard167@CUBENet.com,mleonard,OHRwiavA6F0=
gmccormi168@Belgacom.com,gmccormi,hgT21JU78As=
lwilson170@Unicom.com,lwilson,B8ijsxKa6B8=
mharmon171@Telkom.com,mharmon,9uFm/mqz5EQ=
jenglish172@Airtel.com,jenglish,bRo/y65RwHg=
egriffin173@Bifty.com,egriffin,MxYfvyknCDs=
estephen174@ICom.com,estephen,M8qo/L362+4=
jwhite175@CUBENet.com,jwhite,qH8SuszVKGc=
whiggins176@Chunghwa.com,whiggins,C1wp26RxT0Y=
mmunoz178@Telefonica.com,mmunoz,5Cg18b9sVbs=
gwalter179@Rogers.com,gwalter,ieIEUbOj3Ik=
rpayne180@Chunghwa.com,rpayne,VylDYLZUBPI=
fcobb181@GreenNet.com,fcobb,YlWnGU99TJk=
lclay182@Orstom.com,lclay,QEqWWHeQOqs=
vpearson183@Unicom.com,vpearson,g8eoWATTik0=
swinters184@KTC.com,swinters,KLkVuKbNU54=
cedwards185@GreenNet.com,cedwards,GhQr519qCKg=
lmueller186@NetCom.com,lmueller,erscZ+gWXy4=
rmccormi187@AIS.com,rmccormi,AJyBACy10Ek=
dsavage188@OTE.com,dsavage,F1vg7miccTw=
nyang189@VimpelCom.com,nyang,crvoIIR6Zek=
creilly190@Telecom.com,creilly,9z6Fh3PpIXs=
lwoodard191@MegaFon.com,lwoodard,ZRI+RQwqgkI=
mowen192@Oi.com,mowen,NSI9g/3BE7I=
dfox193@NII.com,dfox,0+PvRKjgsMk=
jhouse194@CCS.com,jhouse,SwP1tdJosMU=
abranch195@Bifty.com,abranch,LhR9Xu4aF0A=
smckenzi196@OpenWorld.com,smckenzi,yT6qflMeGxI=
jpadilla197@NII.com,jpadilla,mK3opN8Lt9s=
lyoung198@PLDT.com,lyoung,1Gu5ehS4MEs=
jhunter199@Telenor.com,jhunter,iWEv+Edp0UU=
aschultz200@LGUplus.com,aschultz,RK20SHaLujI=
dlugo201@CCI.com,dlugo,OYmCPebguqI=
jsalinas202@Telia.com,jsalinas,xp3gGsF1cs8=
hdonovan203@SingTel.com,hdonovan,Jr9GGjNffb0=
cmathis204@BT.com,cmathis,9i2uP7MPbrM=
scaldero206@CUBENet.com,scaldero,eG0A4K8EfjM=
gsnyder207@Movil.com,gsnyder,4aIb86/pU04=
lpierce208@SingTel.com,lpierce,6t55szfpFJk=
oshah209@TelecomItalia.com,oshah,UVi/oICMQkk=
mgood210@VimpelCom.com,mgood,AmfikNZku1o=
nharvey211@Relcom.com,nharvey,/vRamMmhANo=
njordan212@NII.com,njordan,5CQ/sZGED34=
rmelton213@Swisscom.com,rmelton,c4gT5o1Vd+8=
wsalazar214@Telefonica.com,wsalazar,MPFpdt+1DNg=
emercado215@Ooredoo.com,emercado,rBQ0Bk7Et9k=
bnielsen216@Sprint.com,bnielsen,3/PBln5sWZ0=
ghebert217@GlasNET.com,ghebert,KgXfUqpJmNo=
pdodson218@CCS.com,pdodson,T9b+2wk1t0c=
ddavenpo219@Frontier.com,ddavenpo,KTSCxZ8E77I=
lwilson220@Telus.com,lwilson,eXn2asokuFU=
rbowers221@Sprint.com,rbowers,9zXbGoQ4VfY=
cesparza222@Swisscom.com,cesparza,llaan1lPFsE=
etorres223@Telenor.com,etorres,0c8GDhJB5Eg=
jgrimes224@SEEDnet.com,jgrimes,RRRRK3s66HQ=
vbryan226@Access.com,vbryan,sFlqJR5NIrg=
lcooper227@AlgoNet.com,lcooper,wsjGGKGqe9s=
blove228@AIS.com,blove,BHCrU2lRx4E=
jperry229@BCE.com,jperry,TUE57AYwq30=
agreer230@WorldNet.com,agreer,kPMbOUSpFrA=
jburgess231@DaxNet.com,jburgess,+VZg9bHSBms=
mhenry232@DaxNet.com,mhenry,1KMhHITbDKQ=
rkeith233@Rogers.com,rkeith,Qh51SmOsTNc=
aunderwo234@Telefonica.com,aunderwo,olzF+CTVYU4=
mvaughn235@CUBENet.com,mvaughn,LxDBg0+hdnM=
esantiag236@SEEDnet.com,esantiag,uP8oWiIgelc=
ebond237@Softbank.com,ebond,mZ7UCFHpcOE=
aconner238@Telkom.com,aconner,wSWDPKGZ/yU=
abentley239@Softbank.com,abentley,40AY0XwtdWI=
ffinley240@Frontier.com,ffinley,Bn678pSye4g=
sdurham241@Rogers.com,sdurham,IW8Kvj2mG60=
rmeyers242@Airtel.com,rmeyers,lVcTZqehyGA=
bmercado243@Telia.com,bmercado,hi8MoWvH4hs=
rhoover244@LGUplus.com,rhoover,3Wine9pmE/w=
rparra245@Telstra.com,rparra,7kxO3swtXvs=
lcross246@OTE.com,lcross,Cx3Sq82JCIk=
aconley247@AIS.com,aconley,LVObLQH+vyo=
lbarton248@Rogers.com,lbarton,x2BkmSSr4fM=
charper249@BCE.com,charper,xfIswf1o6ao=
rsalgado250@SingTel.com,rsalgado,G/KXErQyMOY=
lparks251@SKTelecom.com,lparks,glpiyfIgk1A=
zduncan252@WorldNet.com,zduncan,6MvA9SGI/XI=
gbond253@NordNet.com,gbond,+u2tVdVUo+E=
ckramer254@Belgacom.com,ckramer,GL+Oe3RmPr4=
svelazqu255@SEEDnet.com,svelazqu,x164N2qbTVo=
rvu256@ATT.com,rvu,9Zxskuffo84=
rwade257@PLDT.com,rwade,NtmQ0LrXNRA=
mhess258@Belgacom.com,mhess,PEQE96/0K50=
oenglish260@Turkcell.com,oenglish,P6JICnMwxDU=
gmccann261@Airtel.com,gmccann,oEEsdwO15FI=
varroyo262@Turkcell.com,varroyo,EOXgWUvIgEc=
dcontrer263@Orange.com,dcontrer,FjcY16n53G0=
cvelasqu264@ATT.com,cvelasqu,pn9C+G5FJAM=
skemp265@CUBENet.com,skemp,cSjvj5GMQnA=
brollins266@TeleSystems.com,brollins,HUcPzEdZ6ek=
jho267@UUnet.com,jho,h4LUYDluulI=
lferguso268@UI.com,lferguso,0hLwnQraQSU=
rbradley269@SEEDnet.com,rbradley,HUDCs7s/p4s=
oharriso270@WorldNet.com,oharriso,80TqZDxUCdQ=
cstewart271@Chunghwa.com,cstewart,acVBH/83doI=
eholt272@MaxComm.com,eholt,QX9wbqHhnNU=
rolson273@CCS.com,rolson,YhzEuzoC1AQ=
jhart274@PLDT.com,jhart,RdMLhDeXQTM=
czimmerm275@Telia.com,czimmerm,3dtTLcTpDr4=
dhowell276@LookData.com,dhowell,gmLdT6SMaPQ=
rdelacru277@cerist.com,rdelacru,eq5MlXBboDQ=
joneill278@Optus.com,joneill,vRJxmkkXm4E=
lbest279@SEEDnet.com,lbest,vZJSY4Pj6n0=
acordova280@Etisalat.com,acordova,NLmu5WFyWQY=
achung281@Sprint.com,achung,/3iJEDko3lE=
rgonzale282@Telenor.com,rgonzale,ZUbOkKCsR+k=
srich283@SingTel.com,srich,ikrvGqDiNbQ=
hgarcia284@Telenor.com,hgarcia,sGkLJW1yCWU=
csalazar285@Turkcell.com,csalazar,rF81BVZCmBU=
mkline286@Verizon.com,mkline,cQ2VVQhVOxo=
snixon287@cerist.com,snixon,qw50AzUHiQ8=
amoon288@Tata.com,amoon,P7DCMmD2CkY=
mleonard289@MaxComm.com,mleonard,k3/A5clINDw=
dmclean290@VimpelCom.com,dmclean,WXpBk+7b2uw=
phowe291@AIS.com,phowe,FCyymsrODMk=
amckinne292@KTC.com,amckinne,yBqiuencyqQ=
kschneid293@Ooredoo.com,kschneid,yeoJdMqUpKc=
lchavez294@TM.com,lchavez,SZzVxN7qfp4=
ecruz295@KDDI.com,ecruz,mCxkAgTEYF4=
gbradley296@CCS.com,gbradley,tERN62Nqlqo=
tperkins297@Telia.com,tperkins,/mnO07X2xbk=
ccrawfor298@NTT.com,ccrawfor,kQMinSpfIH0=
mhensley299@Access.com,mhensley,igrMTs/YHnY=
achung300@KPN.com,achung,2CB4sbswWL0=
bbartlet301@OTE.com,bbartlet,b7MT9O6TXmM=
cponce302@Tata.com,cponce,BIGeQPhbDWM=
mbeck303@TM.com,mbeck,ujBn3aLwe8o=
dleon304@CUBENet.com,dleon,sSzdgPYMMro=
hbauer305@NetCom.com,hbauer,awQ+x7LjDxw=
dmeadows306@BT.com,dmeadows,kk0h3osXcuA=
afiguero307@Frontier.com,afiguero,FDY7uG/GauY=
malvarad308@Optus.com,malvarad,9EbN5hEiHAI=
kmedina309@KTC.com,kmedina,D0QOM2ugS20=
tsnow310@Vodafone.com,tsnow,jCWGSzetLzk=
mkrueger311@BCE.com,mkrueger,Z3L4EQehhfg=
wbean312@Verizon.com,wbean,EFdeT78Kphw=
sbuchana313@TM.com,sbuchana,fYx587D8ILA=
kvang314@NordNet.com,kvang,zPdkpfnkAGg=
aperson315@Telstra.com,aperson,wlOLFQW6VhM=
csanford316@Swisscom.com,csanford,TGUVVfCj8dg=
yeaton317@BCE.com,yeaton,WTOX8sE9JMM=
nlynn318@CenturyLink.com,nlynn,l+uz2Cnfksw=
ezhang319@SingTel.com,ezhang,+B3P4dClFeY=
mrivera320@Ooredoo.com,mrivera,QLT9ePnNm6I=
hmorrow321@MTN.com,hmorrow,ili4YajSop4=
fharding322@NTT.com,fharding,b83J2czE2TA=
apeters323@UUnet.com,apeters,xR5Duz599V4=
gmosley324@Telekom.com,gmosley,d3o+Yf5DnyQ=
dmcfarla325@BT.com,dmcfarla,cz7PtWX2kFM=
dpacheco326@Millicom.com,dpacheco,+FIPVHxLhQE=
aberry327@Softbank.com,aberry,h9RrCTzmSDM=
eweiss328@Vivendi.com,eweiss,ua6o/Ii3IG0=
iwiley329@CCS.com,iwiley,HIUbIJT7XPw=
ljones330@Rogers.com,ljones,zHZ4q34rD7M=
dhull331@Rogers.com,dhull,5NRWvwb1v5o=
dashley332@MTN.com,dashley,8A8Y7pDqh0c=
bblack333@Verizon.com,bblack,fwgBZw3WwHM=
ogood334@GlasNET.com,ogood,cmvP7wVJJ3A=
zmorrow335@Telus.com,zmorrow,G82dI9uu7xQ=
fcastane336@UI.com,fcastane,FjgCBqymvmo=
broach337@Vodafone.com,broach,x3U+CoP8vMM=
epatrick338@Millicom.com,epatrick,X25zcK8jveU=
lalexand339@Vodafone.com,lalexand,UN3FWk1fmf8=
cbooth340@CCS.com,cbooth,lL5IOgXmbtA=
mtang341@Belgacom.com,mtang,JkRn93hJIpI=
flara342@MTN.com,flara,vJWqJBufAiE=
cking343@AlgoNet.com,cking,nOWTW/3yCtQ=
cclarke344@Orange.com,cclarke,L2qQQUce3yc=
alam345@cerist.com,alam,0m4Cw8TqM7M=
jberg346@GlasNET.com,jberg,ejEitFxegdQ=
rgill347@PLDT.com,rgill,lngPlQsifiA=
ktate348@Orange.com,ktate,AHy4NDPCPu0=
gsmith349@Tata.com,gsmith,4WaCdBI3mls=
ebond350@Turkcell.com,ebond,FcVyHkAmzk8=
cbeasley351@OpenWorld.com,cbeasley,yY1f2zXh6mo=
lhines352@BCE.com,lhines,PJJiiCS+5/I=
lblevins354@CenturyLink.com,lblevins,/VCymbx8EYs=
rgillesp355@Vodafone.com,rgillesp,Jj9whjLBzLI=
hcortez356@TT.com,hcortez,YLp05RBE/7Q=
astanley357@Econnect.com,astanley,Xe5mnPR/JZQ=
idorsey358@Swisscom.com,idorsey,kOZmpOZ9dQA=
ddunlap360@EUnet.com,ddunlap,P4+TWU5/W6U=
ghorn361@Telkom.com,ghorn,VpdKjHIBDuI=
nhall362@UI.com,nhall,iGo20qz33UM=
state363@CCI.com,state,+R4MkT5J/vA=
azimmerm364@LGUplus.com,azimmerm,uFww2kwkz/Q=
mfry365@NordNet.com,mfry,jZUoS/u+g+U=
khumphre366@MaxComm.com,khumphre,cHB/Nduq+b0=
adeleon367@AlgoNet.com,adeleon,iGvZbJR+ndw=
nbowen368@MegaFon.com,nbowen,WVdvQDu6+uo=
qreyna369@TeleSystems.com,qreyna,IcKogY8epvw=
ygentry370@BT.com,ygentry,uju88v4rdbM=
dfrederi371@Chunghwa.com,dfrederi,a2oqwfSJgyM=
jmacias372@KDDI.com,jmacias,+2bC2Oc8n20=
stodd373@Vivendi.com,stodd,MbaOaKRCU6E=
sreilly374@Telstra.com,sreilly,dj6GyPk4k1s=
dsimon375@NII.com,dsimon,K/Hq9AB0cCU=
kglover376@WorldNet.com,kglover,b8XCeWSNIDY=
jmalone377@Movil.com,jmalone,QOe6exENp1c=
tcollins378@SEEDnet.com,tcollins,BQtF/ULn7BI=
gfry379@APICnet.com,gfry,GYpsnU43Qlw=
rlowery380@Verizon.com,rlowery,fdUuu0hVbOo=
mrussell381@CUBENet.com,mrussell,ZmcNGNfXJ9U=
tfrank382@Telus.com,tfrank,j9nMLNH5G4s=
favila383@ICom.com,favila,ql+23uymPkg=
acohen384@PLDT.com,acohen,hXNCpp7rAbk=
mshort385@GreenNet.com,mshort,lWxNrO2k9Mo=
alindsey386@Telenor.com,alindsey,mNu4d5CVDac=
pandrade387@Millicom.com,pandrade,tBs+vX1dcQE=
mreeves388@PTCL.com,mreeves,ENthx2JEIvw=
bchapman389@Telenor.com,bchapman,VHTVLIrfIbM=
cgibbs390@CUBENet.com,cgibbs,0g7+vVBeJGw=
vli391@Oi.com,vli,Q4s02ttBK4k=
whenders392@TelecomItalia.com,whenders,JxPrzi6IGRk=
kchristi393@NordNet.com,kchristi,e4MwRRe0VTg=
mmason394@Telekom.com,mmason,I0raJ/gn7yc=
eschwart395@KPN.com,eschwart,tOR6G+SvN1I=
tolson396@Movil.com,tolson,9NaNC3YwL1Y=
ispears397@Vodafone.com,ispears,EVFP2SjaZAw=
csexton398@Sprint.com,csexton,lkoYz5jhe1c=
kbishop399@UI.com,kbishop,P5SAnB3Hrvg=
mmullins400@MTN.com,mmullins,qv+ulAJH2/0=
jbeck401@Safaricom.com,jbeck,Wq7shTWiicI=
lvang402@Bifty.com,lvang,9RLB9+NVb4M=
hbravo403@CenturyLink.com,hbravo,NoNoD5gdghc=
dguzman404@Telecom.com,dguzman,+nyMO7NybZQ=
kfowler405@Turkcell.com,kfowler,jmuOx3xw3Nc=
ialvarad406@Telecom.com,ialvarad,ks3hgsDJWtw=
wsmith407@TM.com,wsmith,amuokNkVhrw=
scollier408@UI.com,scollier,qMNQrw60uDA=
reverett409@NetCom.com,reverett,naUVO4t5WuE=
jprince410@KPN.com,jprince,0vxfz4RpDUw=
aedwards411@MTN.com,aedwards,8U+FLYN5cVM=
cbarajas412@APICnet.com,cbarajas,RahyJTkOUUA=
cpearson413@KTC.com,cpearson,beA9caeJ4+A=
dtanner414@EUnet.com,dtanner,PAT3JTPc29w=
chicks415@Telefonica.com,chicks,B+xBvd36xsM=
cbush416@Oi.com,cbush,cl9EpMWvdhg=
orose417@DaxNet.com,orose,Uo6a13rhdgM=
omoon418@Rogers.com,omoon,uyQftbI2kgc=
jmoyer419@CUBENet.com,jmoyer,1VUJxSUNPiI=
avalenci420@KPN.com,avalenci,ECSfA9v/w1c=
smcintos421@BCE.com,smcintos,twRmPzeNj2g=
zcaldwel422@Jio.com,zcaldwel,zjgGly6a8c8=
sburgess423@Relcom.com,sburgess,QxpUahKheoM=
rcorrea424@Turkcell.com,rcorrea,yq3OpcIgo5s=
drivas425@Bifty.com,drivas,TZmJgXssC+g=
cosborne426@Sprint.com,cosborne,ltbRQB6N1xM=
dcuevas427@Tata.com,dcuevas,6rnYAoc6WVo=
cgarner428@MaxComm.com,cgarner,BPBUQKjG544=
cnichols429@APICnet.com,cnichols,8vdWTjFihs8=
cwoodwar430@UUnet.com,cwoodwar,LiRnDTSPN6Y=
dmckee431@AlgoNet.com,dmckee,mjyOV3npPhk=
dtodd432@PTCL.com,dtodd,ixPayCPr9Pc=
esilva433@Zain.com,esilva,aovoVaaB8mI=
cmcintos434@Millicom.com,cmcintos,pgTxp/ukZYo=
kbenton436@Millicom.com,kbenton,4Mx+ONDUwTA=
ebeltran438@Relcom.com,ebeltran,+Bs/EiElq4Q=
ltravis440@KDDI.com,ltravis,c+v2jEXeMfw=
rspencer441@NetCom.com,rspencer,TsGYWcHA2Fo=
bcherry442@AIS.com,bcherry,+mFGcTlWUjc=
smosley443@SingTel.com,smosley,HYK6I7sHZFM=
rshort444@Relcom.com,rshort,cWaW8480ztw=
rmacias445@Telecom.com,rmacias,ByWes0lw9Sg=
tolson446@Verizon.com,tolson,uquQBkJ6uLM=
thardy447@CenturyLink.com,thardy,hQe1s1nNOZc=
jmatthew448@Telecom.com,jmatthew,VsoPqF6/HsY=
amercado449@Telus.com,amercado,R2klrrYF9OM=
dmayer450@Orange.com,dmayer,UZhHmmMjDZo=
dwells451@Jio.com,dwells,447twxQWAT8=
kmccullo452@Airtel.com,kmccullo,qlqUI3p8VwY=
ggallagh453@CCI.com,ggallagh,2QOmDRKUmLY=
cbrewer454@Tata.com,cbrewer,V0sSxHY4wgk=
vbrock455@Unicom.com,vbrock,0LGUjE5ZuaA=
jhuffman456@Airtel.com,jhuffman,cCQ7h/B68IM=
dlawrenc457@VimpelCom.com,dlawrenc,vzdL80WYsxU=
eguevara458@LGUplus.com,eguevara,+gtL+aPFb0w=
sbeil459@GlasNET.com,sbeil,ym0c9IRkRAY=
tharmon460@NTT.com,tharmon,MUjg6mAv2nE=
lhoffman461@TT.com,lhoffman,yai3FvZHdNw=
awhite462@UUnet.com,awhite,VW0TXFaxfjg=
lsummers463@NordNet.com,lsummers,JN96mSoH0A8=
lbean464@UI.com,lbean,qjXTH0ghwh8=
kfarmer465@NetCom.com,kfarmer,uSiZjBoxb9g=
tcuevas466@Telia.com,tcuevas,UzA9RbJtFFY=
jramsey467@Econnect.com,jramsey,gglpbI5Wnuw=
kmccall468@AlgoNet.com,kmccall,yEFgrk45MPQ=
bestrada469@KDDI.com,bestrada,N35CAoULpxI=
nbarnett470@VimpelCom.com,nbarnett,w9Looi73Krw=
cleblanc471@AIS.com,cleblanc,aFKdG59Dh1w=
ebruce472@AIS.com,ebruce,KLrkYICD5Mc=
krivas473@Softbank.com,krivas,m/+xNH1nGFE=
rrios474@PLDT.com,rrios,ZdtFrpiV4rw=
shamilto475@Belgacom.com,shamilto,t9le/hu6BH0=
enovak476@Oi.com,enovak,HCUGQWwNZls=
vrollins477@TelecomItalia.com,vrollins,Li0sL5EHFB8=
cponce478@MaxComm.com,cponce,o78iNPTQ8Cs=
mfarmer479@CenturyLink.com,mfarmer,Q7NdmnBpcCE=
spoole480@KPN.com,spoole,BUkZ03nwKmM=
wmaynard481@Relcom.com,wmaynard,y1G/AEhQYXM=
sbarajas482@Econnect.com,sbarajas,29vb2BrQ2mg=
mmcmilla483@LookData.com,mmcmilla,wgfzeSYE5t0=
rcallaha484@SingTel.com,rcallaha,G9Sdu/OxzbI=
kwebb485@TelecomItalia.com,kwebb,XEnk0ttfwrc=
kroy486@EUnet.com,kroy,aIhQK6Nw/GI=
dsutton487@CenturyLink.com,dsutton,bVyK05g50Qk=
mgray488@Optus.com,mgray,du+s0c36sk0=
sbenitez489@TeleSystems.com,sbenitez,zCSxfyUGAwU=
wblancha490@UUnet.com,wblancha,L9gSfvPTzQ8=
apadilla492@CenturyLink.com,apadilla,HqA8Kp9zdt8=
dcervant493@Econnect.com,dcervant,zoUpL9ZaUVs=
uvillalo494@Ooredoo.com,uvillalo,mVKxZYyfJHo=
pmclean495@DaxNet.com,pmclean,k1HOCP6bDnQ=
gclarke496@Vodafone.com,gclarke,UWWZ4M7cdOg=
lmcphers497@Telecom.com,lmcphers,XfMTuexNzZo=
afrye498@NordNet.com,afrye,6xhQoMHYJ9k=
ewalton500@Telia.com,ewalton,fjKOPPvC9dk=
frobinso501@Chunghwa.com,frobinso,3LiPUbe6TI4=
mtrevino502@MegaFon.com,mtrevino,Rb+baLowhwg=
ipalacio503@KPN.com,ipalacio,mMVYLQHEWso=
dberger504@Softbank.com,dberger,qxrbbxJNjmQ=
mdunn505@Tata.com,mdunn,XJTT4+luNec=
bfisher506@Unicom.com,bfisher,GRNrEvWo9rQ=
xblackwe507@MegaFon.com,xblackwe,2b2pbbeAVN4=
thinton508@NTT.com,thinton,w5qWPx14K7k=
rreeves509@KDDI.com,rreeves,g+2mTRtzm94=
wrussell510@KDDI.com,wrussell,FgkaFh1yyw4=
dorr511@Chunghwa.com,dorr,Yq8yXnt6Q70=
mthomas512@Telecom.com,mthomas,afb6D/hKqnk=
cpeck513@Telkom.com,cpeck,NEeX4p7OUhI=
dharmon514@Sprint.com,dharmon,VTVlJWUoN70=
jbaxter516@Swisscom.com,jbaxter,otYtrfO78YM=
lsmall517@Unicom.com,lsmall,eCuBUuhiI3w=
vflynn518@Belgacom.com,vflynn,NR/ON8++ohQ=
amcdonal519@Tata.com,amcdonal,RTSZi438sLc=
vrojas520@KPN.com,vrojas,UW8p5IJOHvU=
kwu521@NordNet.com,kwu,+rj4FbkVnUI=
emedina522@DaxNet.com,emedina,bHtBdBetOqQ=
cfuentes523@Millicom.com,cfuentes,5hhMa/s2jWU=
jpineda524@Orstom.com,jpineda,jbhzVsMkjyI=
dleal525@MTN.com,dleal,Ta3pCewEJt8=
cmelton526@Airtel.com,cmelton,+88jYGduVKU=
kenrique527@UUnet.com,kenrique,PVJa6SNYFa0=
rgaines528@Movil.com,rgaines,vZc2uNMf8ms=
lroberts529@EUnet.com,lroberts,vCXG1lCaPso=
aharriso530@Ooredoo.com,aharriso,s41nDdPCJTk=
ostevens532@CenturyLink.com,ostevens,8+1M9X/kAvk=
lballard533@EUnet.com,lballard,+dFhBtE1xkg=
lmay534@Econnect.com,lmay,36URhg3MPvs=
karnold535@AlgoNet.com,karnold,Gf7oq4IaCJk=
lhuff536@NII.com,lhuff,+97uMTso6KQ=
bbryan537@Telefonica.com,bbryan,HDl2viZPr6g=
lowens538@CCI.com,lowens,/KM/hIvvngk=
ethomas539@DaxNet.com,ethomas,5DzKsTDj0Zk=
efry540@TelecomItalia.com,efry,MLUnJpXEHD8=
sclay541@Relcom.com,sclay,Lgqz2kbDNCM=
shouston542@Swisscom.com,shouston,OwpYirxX5AM=
lmills543@Telecom.com,lmills,PWJG0xSa3os=
dhumphre544@Telecom.com,dhumphre,TJEq/wGt/9w=
iquinter545@BT.com,iquinter,7A79hU4X/Dk=
lchase546@Belgacom.com,lchase,QYcz3VkBEnQ=
dcole547@OpenWorld.com,dcole,2HQvETFJwWw=
jboone548@SingTel.com,jboone,fAyGbU1yA8g=
ubennett549@PTCL.com,ubennett,gTNp4gSoRCE=
sbowen550@GreenNet.com,sbowen,9bVD8V6tKoo=
kmitchel551@Belgacom.com,kmitchel,PJENLkAkRU0=
plawrenc552@Ooredoo.com,plawrenc,2WWidZy7dv4=
lmcconne553@LookData.com,lmcconne,D5tUicigPBg=
randerso554@Ooredoo.com,randerso,rpxQBDVkfGw=
bodom555@Vivendi.com,bodom,lAouEgxQVAQ=
vsimmons556@cerist.com,vsimmons,jxvJj5Q/eHA=
dnelson557@Verizon.com,dnelson,gI/zdp56RQ0=
ahale558@AIS.com,ahale,IXBkmNux7/I=
clandry560@Telia.com,clandry,MyHvc7rHSmo=
clam561@NII.com,clam,7Dr3JOy8jhs=
scooper562@NetCom.com,scooper,JP7tk0vcRXs=
kcunning563@Telstra.com,kcunning,RLgrX0eSjE0=
nmichael564@APICnet.com,nmichael,LxpY/sGMDBQ=
emanning565@VimpelCom.com,emanning,rUADBtmXvyw=
rhughes566@AlgoNet.com,rhughes,qQBb95k+fu8=
scasey567@Sprint.com,scasey,KAlVQfPLHJE=
knava568@TM.com,knava,7h5nNywPUkY=
ashaw569@OTE.com,ashaw,PMaeVtHx3+0=
cburns570@KTC.com,cburns,fFLIMjeuRPE=
iatkinso571@LGUplus.com,iatkinso,JHGwjpMs258=
bfrancis572@CUBENet.com,bfrancis,RArynZLWPag=
cdelacru573@KDDI.com,cdelacru,2+aq4mXL+qQ=
fduran574@Sprint.com,fduran,TVhBt06JowY=
randrews576@KPN.com,randrews,smuLLl9aZkY=
eandrade577@Zain.com,eandrade,YqmizLwe2IQ=
gcross578@GlasNET.com,gcross,i6FOTBcPGlY=
slivings579@Econnect.com,slivings,sTScjoQfHIA=
jingram580@CCI.com,jingram,pkBUu8WwN2E=
eolson581@Telia.com,eolson,KHphJx7kFcU=
esilva582@Tata.com,esilva,EuQfIb9EynQ=
cgill583@MTN.com,cgill,s9HdMDQCHxc=
thendric584@AIS.com,thendric,qrjmiWHN1qU=
ncarter586@NetCom.com,ncarter,9J+Lnazv1XU=
nalvarez587@Telecom.com,nalvarez,2M1mkCOXQLw=
jgrimes588@KDDI.com,jgrimes,mK4+1vnvIL4=
lbooker589@APICnet.com,lbooker,tLxZOvg0oqc=
rschroed590@UUnet.com,rschroed,IWQxrbj9GIw=
agordon591@CCI.com,agordon,IzMXt84rVLo=
molsen592@APICnet.com,molsen,ANHV0InB23E=
vtravis593@LGUplus.com,vtravis,vwgi0JXICXs=
ddonalds594@NTT.com,ddonalds,//fh9HIP6fQ=
akennedy595@VimpelCom.com,akennedy,lbhYEhVSj0o=
jford596@cerist.com,jford,zq6eU3MX3DQ=
icrawfor597@SingTel.com,icrawfor,RCkrHKNli3E=
mclayton598@TM.com,mclayton,4BD0E4ckxQk=
lwalsh599@PTCL.com,lwalsh,x2ck8x1qFb8=
lbrock600@Verizon.com,lbrock,tZvkp4t5E9o=
jcabrera601@UI.com,jcabrera,okvbjrNH2yY=
jjuarez602@AIS.com,jjuarez,75E+1SKZN7o=
tmonroe603@Movil.com,tmonroe,G2X5xm63YqY=
apena604@Telecom.com,apena,0VteoarZhuE=
fjenkins605@Oi.com,fjenkins,iF9R+98zDuM=
lali606@Telia.com,lali,m1xkKUYfnqk=
lgross607@Sprint.com,lgross,8TvDO03mR0M=
ahodge608@Movil.com,ahodge,38p9iPPpRaA=
kdoyle609@BCE.com,kdoyle,4EH6PKXMDR8=
cmayer610@Turkcell.com,cmayer,f5IpK8rPdfI=
rcardena611@APICnet.com,rcardena,S20Ua70Cs30=
pthompso612@Jio.com,pthompso,T7nT7hu2538=
ehansen613@VimpelCom.com,ehansen,l+KJPn4QVrY=
sahmed614@MegaFon.com,sahmed,Pl3J9oQmP1E=
mhansen615@Swisscom.com,mhansen,d4+WKlrmPCg=
rmendez616@Frontier.com,rmendez,L7UicJxS/RM=
achase617@CCI.com,achase,fy5GWJoe/J0=
jconrad619@Jio.com,jconrad,virsEaYyLq4=
cbest620@TeleSystems.com,cbest,zv0ULljahyo=
dsingh621@PTCL.com,dsingh,lwGHcMrDbdI=
cdoyle622@Rogers.com,cdoyle,y6Ec3G5qE6w=
jvaughn623@Telstra.com,jvaughn,2vBPI8kknhw=
jfox624@AlgoNet.com,jfox,DrVSR3rg/G0=
kchamber625@Etisalat.com,kchamber,Ovuz74iYV80=
zhamilto626@SingTel.com,zhamilto,2/axPkjsS2Q=
kgates627@Belgacom.com,kgates,y5B0DVo6PdM=
mzavala628@Ooredoo.com,mzavala,Q16rkZTQG60=
sdavila629@CenturyLink.com,sdavila,Z5+JWjRLtU4=
srocha630@OTE.com,srocha,ZM7vKX7tRdY=
bbaxter631@Turkcell.com,bbaxter,MbCIe8yeD7g=
dkent632@Etisalat.com,dkent,tt7MN+Up5wU=
lthompso633@Vodafone.com,lthompso,5AaaNiIy5M8=
vlarson634@BT.com,vlarson,jD/12Udzem0=
dmorse635@TT.com,dmorse,B9IpLIIgt/4=
sestes636@Bifty.com,sestes,0rf/TYaux58=
mbartlet637@Telenor.com,mbartlet,qxQnXq9kXbo=
sjuarez638@CUBENet.com,sjuarez,Jn05+BmAeBY=
valexand639@Millicom.com,valexand,Fgb0Hq8dH7w=
benglish640@Jio.com,benglish,mTZ/9fA6AxA=
lrodgers641@Telecom.com,lrodgers,/xDBhGend1g=
lstewart642@Telenor.com,lstewart,nrayHJhbc6Q=
rclarke643@Movil.com,rclarke,cwe05oJWmgE=
srivers644@PTCL.com,srivers,+LzGuMloCCY=
cshort645@KTC.com,cshort,kP/x4E9zibA=
agomez646@CenturyLink.com,agomez,AnjElCx+FVk=
lroman647@ICom.com,lroman,0xDpx8tBY6k=
sfrederi648@Telecom.com,sfrederi,INyQVggohNg=
tswanson649@UI.com,tswanson,OWx6ic6lyXw=
mwood650@Telia.com,mwood,JwEjR6E2UuQ=
nvargas651@Telecom.com,nvargas,Y8AjnUdR26M=
kpayne652@Millicom.com,kpayne,uqBhtNEG+W0=
chiggins653@MTN.com,chiggins,y8dtWBmky6U=
pbarnes654@BCE.com,pbarnes,g+zKc0xwlvQ=
jweeks655@cerist.com,jweeks,+5hUEEW067c=
cmcclure656@AIS.com,cmcclure,mT5QUk8wkkE=
kvazquez657@Telus.com,kvazquez,5JNCj+IMU44=
shobbs658@Telecom.com,shobbs,8o/mEhUyLqM=
gdunlap659@Turkcell.com,gdunlap,skXSLKFSpD4=
flucero660@BCE.com,flucero,+xM7RHe63X4=
cbaker661@Frontier.com,cbaker,0tZCFW7acQU=
jayala662@Unicom.com,jayala,fHyCUufA0IQ=
dbarber663@Telia.com,dbarber,Nc/1GowYttI=
shiggins664@WorldNet.com,shiggins,lTDMSaoWA1A=
orose665@TelecomItalia.com,orose,1As251kjuf4=
sfields666@Access.com,sfields,wLXzMqGTK5g=
pwells667@Ooredoo.com,pwells,u2NOVQDxak0=
bhoover668@TeleSystems.com,bhoover,Vbnq1W0RyAY=
bkhan669@Telecom.com,bkhan,UZucKl+SCU0=
mjenning670@Softbank.com,mjenning,wZ/fUamVHHU=
smason671@ICom.com,smason,xj3yAyMcAAk=
acrane672@NordNet.com,acrane,dXzRjdhYwoM=
vmolina673@Orange.com,vmolina,TWf+2sOmtjo=
kbaxter674@Turkcell.com,kbaxter,cD6QC9SkCTI=
mahmed675@cerist.com,mahmed,ZKKA6OmByiQ=
mmoyer676@CCI.com,mmoyer,CQCsf3FdtoM=
akirby677@Chunghwa.com,akirby,GmfEBnrndM8=
eguevara678@PLDT.com,eguevara,OiNKvwyK+fI=
eharding679@Telus.com,eharding,MpxDPfaUyRk=
alarsen680@GlasNET.com,alarsen,tFjm3ojQmxw=
emclean681@AlgoNet.com,emclean,8sJ7dEfQNhQ=
lrice682@BCE.com,lrice,Yr5TcDSXagY=
chunter683@GlasNET.com,chunter,Biu9nviXcLE=
echen684@DaxNet.com,echen,4Otpp2WyDCI=
egraham685@Verizon.com,egraham,yqztQOqpEPg=
ehale686@UI.com,ehale,N+FfXCvsYr8=
bbarr687@cerist.com,bbarr,WtI6vGWUK0Q=
gmeyer688@NTT.com,gmeyer,7As3qAa/pqk=
frose689@Telstra.com,frose,lnk3NsBVfPc=
ihinton690@TT.com,ihinton,Gzf5hR2LHZ8=
hramos691@CUBENet.com,hramos,GvGGV5fZ5X4=
ahansen692@SingTel.com,ahansen,2s9eyOBFFN0=
hkirby693@PLDT.com,hkirby,pMljaq3uZDA=
dlopez694@Vodafone.com,dlopez,KKZzJFsbCrQ=
ntucker696@CCS.com,ntucker,n6pVD0jLX8M=
nklein697@GreenNet.com,nklein,0+mkhD7l958=
lblake698@cerist.com,lblake,zzwqQapvNEE=
rschmitt699@CCS.com,rschmitt,eciIQDHk6M8=
