ghunt100@movil.com,ghunt,
dharding101@etisalat.com,dharding,
oharris102@pldt.com,oharris,
swalker104@tm.com,swalker,
hclarke105@oi.com,hclarke,
treeves106@belgacom.com,treeves,
evelasqu107@telenor.com,evelasqu,
mdyer108@vodafone.com,mdyer,
sblancha109@frontier.com,sblancha,
rwilcox110@ui.com,rwilcox,
hmckenzi111@zain.com,hmckenzi,
epeck112@softbank.com,epeck,
rdomingu113@openworld.com,rdomingu,
ewoodard114@pldt.com,ewoodard,
ojenkins115@vivendi.com,ojenkins,
swebb116@sprint.com,swebb,
jcardena117@pldt.com,jcardena,
sgreen118@belgacom.com,sgreen,
npeters119@telefonica.com,npeters,
mhanson120@softbank.com,mhanson,
bellis121@telesystems.com,bellis,
elivings122@turkcell.com,elivings,
gmyers123@telecom.com,gmyers,
rsoto124@econnect.com,rsoto,
cschmidt126@bce.com,cschmidt,
mrichard127@openworld.com,mrichard,
rblack128@sktelecom.com,rblack,
mmann129@bce.com,mmann,
nhess130@lguplus.com,nhess,
lgrimes131@verizon.com,lgrimes,
efernand132@rogers.com,efernand,
vrodrigu133@relcom.com,vrodrigu,
rwilkins134@maxcomm.com,rwilkins,
ekhan135@telecom.com,ekhan,
bbradsha136@greennet.com,bbradsha,
hchamber137@telkom.com,hchamber,
ewright138@kddi.com,ewright,
sraymond139@vimpelcom.com,sraymond,
jhayes140@pldt.com,jhayes,
qmarquez141@oi.com,qmarquez,
dyoder142@chunghwa.com,dyoder,
mcochran144@cubenet.com,mcochran,
criley145@uunet.com,criley,
grivas146@netcom.com,grivas,
agoodwin147@ui.com,agoodwin,
therman148@chunghwa.com,therman,
tjenning149@tt.com,tjenning,
amurillo150@cerist.com,amurillo,
bvaughn151@maxcomm.com,bvaughn,
rmolina152@lguplus.com,rmolina,
slara153@singtel.com,slara,
abarrett154@vivendi.com,abarrett,
rmcgee155@ooredoo.com,rmcgee,
bhowe156@glasnet.com,bhowe,
vpope157@cci.com,vpope,
imoon158@orstom.com,imoon,
zwalker159@telkom.com,zwalker,
sblancha160@ote.com,sblancha,
rroberso161@sktelecom.com,rroberso,
sroberts162@ptcl.com,sroberts,
kavery163@netcom.com,kavery,
iwade164@millicom.com,iwade,
icaldwel165@orange.com,icaldwel,
tschmitt166@nordnet.com,tschmitt,
ytownsen167@seednet.com,ytownsen,
preid168@telus.com,preid,
bhoover169@ote.com,bhoover,
dgregory170@megafon.com,dgregory,
smcmilla171@tm.com,smcmilla,
hayala172@telstra.com,hayala,
obarajas173@ais.com,obarajas,
sperry174@megafon.com,sperry,
mwalton175@seednet.com,mwalton,
ebartlet176@orstom.com,ebartlet,
fvaughan177@safaricom.com,fvaughan,
tchen178@bt.com,tchen,
abond179@kpn.com,abond,
drose180@bce.com,drose,
bhowe181@singtel.com,bhowe,
mmorgan182@nordnet.com,mmorgan,
lfrazier183@softbank.com,lfrazier,
cbradley184@telekom.com,cbradley,
rpearson185@pldt.com,rpearson,
dfranco186@airtel.com,dfranco,
dcobb187@openworld.com,dcobb,
mdavila188@turkcell.com,mdavila,
abrewer189@optus.com,abrewer,
freed190@centurylink.com,freed,
dfoster191@movil.com,dfoster,
jleblanc192@seednet.com,jleblanc,
ncampos193@bt.com,ncampos,
breyes194@zain.com,breyes,
mbradfor195@ccs.com,mbradfor,
hcampbel196@glasnet.com,hcampbel,
nstanley197@telecom.com,nstanley,
jmorales198@etisalat.com,jmorales,
gbyrd199@singtel.com,gbyrd,
mpaul200@lookdata.com,mpaul,
jpratt201@movil.com,jpratt,
lvelez202@telesystems.com,lvelez,
sgreer203@pldt.com,sgreer,
emclean204@swisscom.com,emclean,
vbruce205@openworld.com,vbruce,
rmerritt206@ntt.com,rmerritt,
hbarajas207@cubenet.com,hbarajas,
plee208@ui.com,plee,
wwilkins209@seednet.com,wwilkins,
akline210@telecom.com,akline,
bboone211@vodafone.com,bboone,
jdorsey212@eunet.com,jdorsey,
wsmall213@vivendi.com,wsmall,
edavid214@telecom.com,edavid,
cponce216@telia.com,cponce,
vthomas217@zain.com,vthomas,
rrich218@bt.com,rrich,
janderso219@cubenet.com,janderso,
elong220@telecom.com,elong,
khinton221@telecom.com,khinton,
eosborne222@openworld.com,eosborne,
ggonzale223@lguplus.com,ggonzale,
cbaldwin224@frontier.com,cbaldwin,
janderse225@telkom.com,janderse,
egallagh226@bifty.com,egallagh,
hhebert227@mtn.com,hhebert,
crocha228@nii.com,crocha,
lowens229@vodafone.com,lowens,
jshields230@telesystems.com,jshields,
gbennett231@centurylink.com,gbennett,
czavala232@lguplus.com,czavala,
sestes233@ntt.com,sestes,
yoliver234@cubenet.com,yoliver,
mwhitney235@openworld.com,mwhitney,
tlugo236@daxnet.com,tlugo,
fporter237@vodafone.com,fporter,
lreese238@icom.com,lreese,
osanford239@telecomitalia.com,osanford,
lcohen240@telecomitalia.com,lcohen,
mgallagh241@telenor.com,mgallagh,
bjarvis242@frontier.com,bjarvis,
ereynold243@vimpelcom.com,ereynold,
cmitchel244@ptcl.com,cmitchel,
mmiddlet245@greennet.com,mmiddlet,
jnewton246@lookdata.com,jnewton,
vhenders247@maxcomm.com,vhenders,
abeck248@telecom.com,abeck,
hedwards250@telesystems.com,hedwards,
rcherry251@rogers.com,rcherry,
knolan252@econnect.com,knolan,
rtyler253@etisalat.com,rtyler,
mbailey254@telia.com,mbailey,
pcollins255@centurylink.com,pcollins,
gmclaugh256@att.com,gmclaugh,
vhuerta257@oi.com,vhuerta,
rvang258@econnect.com,rvang,
dpreston259@tt.com,dpreston,
azhang260@netcom.com,azhang,
cmathis261@cubenet.com,cmathis,
jyork262@chunghwa.com,jyork,
tpatrick263@nordnet.com,tpatrick,
rbradsha264@orstom.com,rbradsha,
cgriffit265@softbank.com,cgriffit,
gcharles266@verizon.com,gcharles,
ssantiag267@relcom.com,ssantiag,
eayers268@relcom.com,eayers,
sknight269@bifty.com,sknight,
smaddox270@telefonica.com,smaddox,
mmitchel271@ntt.com,mmitchel,
fweber272@ooredoo.com,fweber,
ecampbel273@tt.com,ecampbel,
whess274@kpn.com,whess,
tjuarez275@ais.com,tjuarez,
wmoran276@millicom.com,wmoran,
jberry277@swisscom.com,jberry,
cyoung278@nii.com,cyoung,
wcamacho279@millicom.com,wcamacho,
alarsen280@worldnet.com,alarsen,
mvazquez281@telus.com,mvazquez,
orose282@algonet.com,orose,
ewalters283@sktelecom.com,ewalters,
wklein284@nii.com,wklein,
pbuchana285@optus.com,pbuchana,
slyons286@softbank.com,slyons,
cfrazier287@telecomitalia.com,cfrazier,
dfreeman288@access.com,dfreeman,
pmccarty289@telus.com,pmccarty,
mfischer290@seednet.com,mfischer,
blong291@openworld.com,blong,
oshort292@telecom.com,oshort,
rcherry294@ntt.com,rcherry,
kwatts296@icom.com,kwatts,
kcalhoun297@lookdata.com,kcalhoun,
sstevens298@mtn.com,sstevens,
smcintyr299@pldt.com,smcintyr,
smiddlet300@uunet.com,smiddlet,
jhayden302@bifty.com,jhayden,
eyates303@openworld.com,eyates,
cknapp304@bifty.com,cknapp,
tterry305@telefonica.com,tterry,
mjoseph306@mtn.com,mjoseph,
cmoore307@sktelecom.com,cmoore,
dgibbs308@seednet.com,dgibbs,
ctate309@verizon.com,ctate,
afernand310@softbank.com,afernand,
lventura311@orange.com,lventura,
gnixon312@vodafone.com,gnixon,
jramirez313@mtn.com,jramirez,
mphillip314@telesystems.com,mphillip,
hdean315@airtel.com,hdean,
ldean316@tt.com,ldean,
lwolfe317@sprint.com,lwolfe,
fhowe318@movil.com,fhowe,
ablancha319@zain.com,ablancha,
rrobbins320@nii.com,rrobbins,
fmolina321@vimpelcom.com,fmolina,
bgarrett322@netcom.com,bgarrett,
devans324@telenor.com,devans,
sduran325@att.com,sduran,
fgrant326@verizon.com,fgrant,
gnichols327@belgacom.com,gnichols,
fcastill328@access.com,fcastill,
jdouglas330@airtel.com,jdouglas,
warroyo331@jio.com,warroyo,
wbyrd332@orstom.com,wbyrd,
kmagana333@millicom.com,kmagana,
gspears334@sktelecom.com,gspears,
wkoch335@kpn.com,wkoch,
mtrujill336@verizon.com,mtrujill,
imccoy337@seednet.com,imccoy,
acooper338@seednet.com,acooper,
swoodwar339@icom.com,swoodwar,
dbarnett340@tata.com,dbarnett,
thartman341@vimpelcom.com,thartman,
kgalvan342@tt.com,kgalvan,
sblake343@lookdata.com,sblake,
mgilmore344@belgacom.com,mgilmore,
thall346@tata.com,thall,
rchapman347@daxnet.com,rchapman,
dlarsen348@pldt.com,dlarsen,
gkemp350@relcom.com,gkemp,
rtang351@maxcomm.com,rtang,
mstark352@jio.com,mstark,
jquinter353@turkcell.com,jquinter,
fmcfarla354@openworld.com,fmcfarla,
bgibson356@icom.com,bgibson,
thuffman357@centurylink.com,thuffman,
acortez358@jio.com,acortez,
mpadilla359@telus.com,mpadilla,
amyers360@tt.com,amyers,
bespinos361@telecom.com,bespinos,
ebest362@icom.com,ebest,
ahouse363@cci.com,ahouse,
hhendrix364@econnect.com,hhendrix,
sprince365@ui.com,sprince,
kavalos366@telekom.com,kavalos,
lgibbs367@uunet.com,lgibbs,
mmorrow368@etisalat.com,mmorrow,
ichristi369@safaricom.com,ichristi,
jdillon370@bt.com,jdillon,
pbowen371@seednet.com,pbowen,
jstaffor372@icom.com,jstaffor,
elove373@vodafone.com,elove,
ohuang374@worldnet.com,ohuang,
cgallego375@telkom.com,cgallego,
dwalter376@cerist.com,dwalter,
lpreston377@telkom.com,lpreston,
jblancha378@mtn.com,jblancha,
pmoran379@worldnet.com,pmoran,
ebeltran380@daxnet.com,ebeltran,
tstanley381@cubenet.com,tstanley,
lpatrick382@ptcl.com,lpatrick,
ldavila383@greennet.com,ldavila,
ykim384@telkom.com,ykim,
jedwards386@worldnet.com,jedwards,
zkelley387@rogers.com,zkelley,
ereynold388@swisscom.com,ereynold,
mkennedy389@vodafone.com,mkennedy,
emoyer390@telia.com,emoyer,
wramsey391@belgacom.com,wramsey,
mpalmer392@verizon.com,mpalmer,
sclayton393@sktelecom.com,sclayton,
hnichols394@unicom.com,hnichols,
jrasmuss395@cubenet.com,jrasmuss,
istephen396@kpn.com,istephen,
amiller397@ktc.com,amiller,
jdejesus398@swisscom.com,jdejesus,
akaur399@tt.com,akaur,
