pyoder100@CCI.com,pyoder,ieQLdSp9QEw=
asantos101@NII.com,asantos,MVGqIq38IG8=
mdorsey102@KDDI.com,mdorsey,RHRWALKLIrg=
wmoreno103@OpenWorld.com,wmoreno,PCcCppZvAEU=
ccastane104@TelecomItalia.com,ccastane,+PI+vMLO+Ik=
jorozco105@UUnet.com,jorozco,QxQIaY+ewjk=
gmyers106@Bifty.com,gmyers,8da7oSA0uPY=
lbrandt107@APICnet.com,lbrandt,Z/qDIYN/lyM=
dhowell108@MegaFon.com,dhowell,amfHo9c0Gys=
ribarra109@Zain.com,ribarra,6WPPud22hCY=
ksellers110@APICnet.com,ksellers,jMEjyN+tto0=
dzhang111@AlgoNet.com,dzhang,Jp9TK52SyxQ=
iadams112@GlasNET.com,iadams,zh75I+RKfMg=
abrandt113@Chunghwa.com,abrandt,8b6EsfzOGf8=
blindsey114@Belgacom.com,blindsey,p/SVOqiT8zI=
fzavala115@BCE.com,fzavala,x5m45QOE9gc=
gmclaugh116@BT.com,gmclaugh,XmbrzIHAoy8=
pcarey117@Access.com,pcarey,EilcM23vzmQ=
rmccarth118@Telecom.com,rmccarth,Kxk75irUKxc=
thogan119@Telenor.com,thogan,pt9Tkc2tPkc=
esalazar120@Etisalat.com,esalazar,yJN/F6jBt5I=
rbest121@Orstom.com,rbest,xpocHoJmFI4=
khess122@TM.com,khess,PQ62Im9nYS8=
sknox123@cerist.com,sknox,ehIc2pGaHFI=
dlester124@KDDI.com,dlester,KLCr2/gNV1g=
lbradley125@Telecom.com,lbradley,J9y+qpb0rew=
asnyder126@DaxNet.com,asnyder,8ECFkPb/Iu0=
ocarpent127@GlasNET.com,ocarpent,9vci0MAQBrQ=
sfloyd128@Vivendi.com,sfloyd,h0qh0p0ccz8=
dwilkins130@Unicom.com,dwilkins,OHOkStXSje8=
ecooper131@Frontier.com,ecooper,3gfNr7FMzA4=
ctate132@Movil.com,ctate,HiGGKXOFQe8=
vtrevino133@LGUplus.com,vtrevino,LUP+UhaplS4=
etucker134@CCI.com,etucker,g+xT9TM5sbk=
bperson135@APICnet.com,bperson,NPLxWnmPJH8=
abarton136@VimpelCom.com,abarton,cAsGklbdgnQ=
omann137@Chunghwa.com,omann,AACVi6XUqwg=
jmoses138@SKTelecom.com,jmoses,oZUp/SAWWQA=
dmccarth139@NII.com,dmccarth,ThnQlZUz3gQ=
kjensen140@Telia.com,kjensen,FdTHCDeUjEg=
bmccarty141@PLDT.com,bmccarty,kQBTOFupOfQ=
mchapman142@KTC.com,mchapman,aODIKHLNaTs=
cphillip143@Vodafone.com,cphillip,WL7gHav0/Y8=
cbrown144@UI.com,cbrown,tEz/Kh5Xo1U=
pnorton145@Verizon.com,pnorton,6HhKjwB/tsI=
tjohnson146@ICom.com,tjohnson,Wh1x2MioI/8=
tsinglet147@Swisscom.com,tsinglet,JZN5YERxqwo=
vcarson148@Swisscom.com,vcarson,3BrjKtueXhI=
swhite149@SEEDnet.com,swhite,v6mr0SqBqfA=
lvaughn150@NetCom.com,lvaughn,W9mbS98NIXY=
ofrederi151@Telecom.com,ofrederi,OK47iawXFiA=
atownsen152@GreenNet.com,atownsen,9LS7vX7SKWs=
nmcdonal153@Millicom.com,nmcdonal,GFq/L35UpkI=
dchang154@GlasNET.com,dchang,I3jPgNxKJzM=
vespinoz155@Relcom.com,vespinoz,1NjEPbm7bu8=
hvang156@Jio.com,hvang,bv6CDuJYgWI=
kgordon157@LookData.com,kgordon,29X+Ip96qrk=
sgilmore158@Movil.com,sgilmore,Jz0zbhbNKGo=
nmccarty159@Vodafone.com,nmccarty,NwwUOzp528I=
rfinley160@Airtel.com,rfinley,o37r7NSVk4c=
enichols161@Etisalat.com,enichols,yu0hynRNAh0=
gtruong162@PTCL.com,gtruong,97B6jWDJq9A=
karias163@GlasNET.com,karias,S8yp+9qeYSM=
dconner164@Telekom.com,dconner,Elq8BLyxbBg=
mwyatt166@Jio.com,mwyatt,AfBDrX7wkuc=
cgentry167@Etisalat.com,cgentry,FlfQ8KC2Tic=
elugo168@Telenor.com,elugo,owlLDi+caHM=
svargas169@CCI.com,svargas,GJTjmDGfwuw=
nvincent170@Telefonica.com,nvincent,TJ4wLEPEj3M=
rcompton171@Vodafone.com,rcompton,UDKt5z7guV0=
yconway172@Turkcell.com,yconway,VW/kRUouRBA=
rbooth173@UUnet.com,rbooth,eK14RrPGhLU=
towens174@SingTel.com,towens,5dLhfz5zNI0=
rweaver175@UUnet.com,rweaver,03Yt1n4hDWY=
scarey176@Relcom.com,scarey,HiWBkneR6ec=
epeterso177@APICnet.com,epeterso,FXyM1WgDeUs=
jalexand178@Turkcell.com,jalexand,gsflHOZr1l4=
kacosta179@SEEDnet.com,kacosta,FV0tU0J8g04=
cgoodman180@DaxNet.com,cgoodman,mv5rzwyHgSY=
wlove181@OTE.com,wlove,FXpInJgTK70=
wmadden182@APICnet.com,wmadden,ZvI6lLOYr2w=
eleach183@Swisscom.com,eleach,L8mIlQ890R0=
jmaldona184@Softbank.com,jmaldona,3WcQL0CuFts=
msalas185@DaxNet.com,msalas,JmMs9lnCjok=
elambert186@CUBENet.com,elambert,eh9KQVM54q8=
aroy187@Relcom.com,aroy,Nxg8wpJQAII=
rburton188@Telefonica.com,rburton,HH4MgBRogxU=
vherman189@OTE.com,vherman,+0iJLZ3Ts8k=
rgiles190@Telecom.com,rgiles,cjqBpoSv4eY=
lwoodard191@Swisscom.com,lwoodard,VCQCWcbfigw=
ethompso192@Telecom.com,ethompso,pE9lBeH5RGo=
mstein193@AIS.com,mstein,vh41beGukg0=
llambert194@Vodafone.com,llambert,W94fd+DLsv0=
hhollowa195@SingTel.com,hhollowa,a/0hfp+66ZA=
cliu196@VimpelCom.com,cliu,EiJ6kg4N3CQ=
kjacobs197@GlasNET.com,kjacobs,9wgWONpHKFc=
msalazar198@SingTel.com,msalazar,ETxNCIiDGUI=
vhurley199@AlgoNet.com,vhurley,jKbZlH7IfLI=
msanders200@OpenWorld.com,msanders,+nOf37udXm8=
pperry201@Safaricom.com,pperry,IpyC5ymfZLU=
gfields202@Frontier.com,gfields,0Tw1uAaRjKU=
thaynes203@TM.com,thaynes,pr5kRufZvYU=
tpadilla204@Orstom.com,tpadilla,KNyhMewoSo8=
mdalton205@TelecomItalia.com,mdalton,o0iTwHNnAsQ=
ckrueger206@Telefonica.com,ckrueger,HahyQU0H/ic=
ccarson207@cerist.com,ccarson,hDD/dKQR8rw=
bschroed208@DaxNet.com,bschroed,XJb+a7YXsZA=
rkane210@Optus.com,rkane,vRwXtYTbZsw=
bellis211@Telkom.com,bellis,f9F4rk1a+L4=
ccuevas212@Orange.com,ccuevas,MLXg+B65r00=
mvalenzu213@ICom.com,mvalenzu,QRQG9vTGRuo=
lpratt214@NordNet.com,lpratt,LSWZg8GihIc=
ghorne215@Telus.com,ghorne,vX8NVnA2f4Y=
braymond216@Sprint.com,braymond,k6NX0OOpysI=
mrobbins218@NordNet.com,mrobbins,eKoYVfENDCU=
kportill219@UUnet.com,kportill,P4l8OuJZn5c=
amathews220@Etisalat.com,amathews,hyRczkTJhyY=
tking221@AIS.com,tking,lzL3X+8Fhcc=
mhansen222@Vodafone.com,mhansen,Q76I5O38t0c=
osalinas223@BCE.com,osalinas,6vKIgNNkzZo=
iwagner224@Verizon.com,iwagner,DRuOIZZQrSo=
kferguso225@KTC.com,kferguso,9YWOEiQt0cg=
cbest226@Zain.com,cbest,cRB6uDqUHtg=
sbush227@PTCL.com,sbush,/i7k3FA1o1o=
gperry228@OTE.com,gperry,nsSGMw4UZVs=
gmarshal229@Sprint.com,gmarshal,7goCgrGjiLE=
hbrennan230@Rogers.com,hbrennan,cTJZh1kdITw=
tevans231@PLDT.com,tevans,2UvMORdCyrw=
vsellers232@Vodafone.com,vsellers,UjjBKEHbPgI=
ucurry234@Telekom.com,ucurry,YR/q2JVk6Ao=
deverett235@AlgoNet.com,deverett,Fawz9Oy0y+o=
sphan236@LookData.com,sphan,8ELU0C81osE=
ksummers237@Vodafone.com,ksummers,hMaa3PAQ2WI=
opalmer238@Telkom.com,opalmer,fN0n5+XXdS4=
jherrera239@TT.com,jherrera,43Rats+2DiU=
whenders240@OpenWorld.com,whenders,45J437+6/nA=
wbarber241@Sprint.com,wbarber,B3HWtOudviM=
rpope242@PLDT.com,rpope,GDT1B6dncRI=
dmcguire243@Access.com,dmcguire,JxONImciRDk=
fzuniga244@Telkom.com,fzuniga,+U4NZXaYYgQ=
jbaldwin245@OpenWorld.com,jbaldwin,Wj/GIpczJ7c=
hlim246@MaxComm.com,hlim,72AE6NxbOsA=
jdrake247@EUnet.com,jdrake,+134Z8ronm4=
hgallagh248@Etisalat.com,hgallagh,TalGe0Zjv7w=
bnichols249@NordNet.com,bnichols,uMx+GD0z7Og=
ldavid250@Etisalat.com,ldavid,a3jjUt2Iw4k=
dgilmore251@NordNet.com,dgilmore,9+QG0dqR8Ls=
eholland252@OpenWorld.com,eholland,bTiWknKOFMo=
zgallagh254@OTE.com,zgallagh,FezBqOhULSw=
jshepard255@Zain.com,jshepard,KhDP+KgUddo=
aburke256@TelecomItalia.com,aburke,uGLDXkjPSXk=
osweeney258@APICnet.com,osweeney,VlhFyzSU21g=
rcole259@TelecomItalia.com,rcole,RX0uz8cmY/g=
mmcdowel260@CUBENet.com,mmcdowel,hPicDoxpV+s=
ecampos261@KDDI.com,ecampos,FaD+WgJzqQo=
bnixon262@Telia.com,bnixon,frzqGbylHR4=
khardin263@TT.com,khardin,0Dkty4iZjq4=
ayu264@Etisalat.com,ayu,PYMedmaCbVo=
ftyler265@DaxNet.com,ftyler,E/yrUwsw8eE=
eventura266@Bifty.com,eventura,fvIL2qSlyis=
jsmith267@Softbank.com,jsmith,ik08mxzpZkk=
cgibbs268@Softbank.com,cgibbs,bGOjKRgE9eo=
tbrock269@KDDI.com,tbrock,HK/3aePbn78=
kmcmahon270@Verizon.com,kmcmahon,/bGogTxbQmE=
jguevara271@OpenWorld.com,jguevara,g6Jxtv5AdtA=
ltodd272@Verizon.com,ltodd,iB6Aj1IKaIU=
ebuchana273@Turkcell.com,ebuchana,DY7gjJnF7sk=
edorsey274@NordNet.com,edorsey,EeJBTPf8ukY=
znovak275@cerist.com,znovak,cA5Kcbnkt2M=
obrock276@Vodafone.com,obrock,5vHokkrjIpo=
skelly277@Turkcell.com,skelly,SmhveBzqU7I=
jbailey278@CUBENet.com,jbailey,zVWo70HeeSs=
wpeters279@Tata.com,wpeters,TTsOt7EIXH8=
larroyo280@Telkom.com,larroyo,3VY3xxgiu34=
jconley281@PLDT.com,jconley,vEP2iIgnbc4=
sdyer282@Orstom.com,sdyer,b7o2evU0dR8=
aklein283@Rogers.com,aklein,ssm+hUlOAq4=
mhensley284@TelecomItalia.com,mhensley,min9E5gy6Ds=
rsawyer285@Airtel.com,rsawyer,E1BuhTXuYNA=
eblanken286@Bifty.com,eblanken,067mrgT3/Ko=
gramirez287@NII.com,gramirez,eppDh0T3d+0=
otruong288@Optus.com,otruong,o7J11eWrk20=
amorriso289@Safaricom.com,amorriso,AwRjdiM2Xyc=
mvelazqu290@AlgoNet.com,mvelazqu,4XFXUNht7oE=
opittman292@OTE.com,opittman,xvL0oHP6dO0=
iwhitney293@Airtel.com,iwhitney,3iuTWE43yiw=
rarias294@NII.com,rarias,kgJ/Jf9+2XU=
jarmstro295@Jio.com,jarmstro,0/UuJ0ZsOy8=
rmorrow296@VimpelCom.com,rmorrow,kbk1Y5Y3eHc=
mbullock297@Telecom.com,mbullock,VfsF+JW8dDA=
abautist298@Chunghwa.com,abautist,modKmd3yf9k=
gpaul299@Access.com,gpaul,3QDFU9GlqxU=
dshort300@TelecomItalia.com,dshort,jPk+Ij3hF0Y=
dreynold301@Movil.com,dreynold,cIQ4i7W3/0s=
cgates302@WorldNet.com,cgates,kwTI8/+aKdY=
jacevedo303@Swisscom.com,jacevedo,GSd7C6Kx9BQ=
lmassey304@NTT.com,lmassey,t/9bND7Giuk=
jryan305@UI.com,jryan,XnmqxekUZFg=
jstark306@VimpelCom.com,jstark,z+yngP1O/bY=
abarron307@UI.com,abarron,qFHLtnL3yeI=
hmontoya308@GlasNET.com,hmontoya,YXuEX28qM9c=
kosborne309@Belgacom.com,kosborne,fIgCXqLYgic=
hhudson310@Telia.com,hhudson,ooGsWZL3yYg=
msmall311@GreenNet.com,msmall,JHA8KZU55qI=
jbarron312@AlgoNet.com,jbarron,IfQKcuQON3U=
nschmitt314@TT.com,nschmitt,7ICwCprFL8g=
dcampbel316@SingTel.com,dcampbel,zHgczbARr7g=
gflowers317@Vodafone.com,gflowers,SlgebZAlKU0=
ehess318@LGUplus.com,ehess,J48CptMBXwA=
pbuck319@CCS.com,pbuck,4aXolAnusSw=
cconrad320@Chunghwa.com,cconrad,7nMgth9JzrA=
pshepard321@NetCom.com,pshepard,hWsLJ4kGVPQ=
cfrye322@CUBENet.com,cfrye,Q1e5UELEYSI=
swong323@TT.com,swong,8hDrpjjYYAU=
dgill324@PLDT.com,dgill,svNsPo1RYPI=
rkent325@CenturyLink.com,rkent,LMzoP6Bz6c0=
libarra326@MaxComm.com,libarra,COtdwvJvnZw=
jwolf327@Telstra.com,jwolf,Q3ODA2wQ7JU=
ijenning328@Telus.com,ijenning,XlZoPkN9yrM=
mpowers329@Millicom.com,mpowers,JWYgZf0w7ts=
tmccoy330@CCI.com,tmccoy,py22X04wamk=
jmalone331@SEEDnet.com,jmalone,KK8KaN0YiDg=
ddelgado332@MTN.com,ddelgado,4sT3NRgUbTw=
aholmes334@Telecom.com,aholmes,pfqg+H09zgM=
rphan336@Relcom.com,rphan,IGbjjB+zjJw=
mpatton337@APICnet.com,mpatton,d5vCTJbATWw=
mpotts338@Safaricom.com,mpotts,2VHOZNXz2VQ=
epollard339@WorldNet.com,epollard,i1g5/8KcBdc=
jayers340@Telefonica.com,jayers,Tmejt1P8IiQ=
tsolis341@BT.com,tsolis,7uTM8DgO8QU=
bwalter342@KTC.com,bwalter,lGg1/XFAEhg=
kbriggs343@APICnet.com,kbriggs,/mAvFwKFLDc=
dherman344@Zain.com,dherman,S8AQ15RiSO4=
mdudley345@Swisscom.com,mdudley,TK++wQerH3s=
ctravis346@Econnect.com,ctravis,Pvh3eiAq8qU=
swelch347@PLDT.com,swelch,U0/Gv46J/A0=
egalvan348@Tata.com,egalvan,sJftMlcG1FI=
cblackbu349@Tata.com,cblackbu,/PJFriZa8dY=
rpena350@APICnet.com,rpena,rDeaiKwNcWc=
psmall351@APICnet.com,psmall,mCERurwnL+A=
tmiller352@Turkcell.com,tmiller,tAbPEvqFEVw=
slozano353@WorldNet.com,slozano,L7kk7/8rdkw=
dsherman354@Safaricom.com,dsherman,/W6kKa7Tk4I=
lbooker355@Vodafone.com,lbooker,Rxe8FK4QG4w=
gesquive356@Zain.com,gesquive,43uHv8QbwlM=
pgoodman357@Telkom.com,pgoodman,+rwxpV8JnfI=
bmorton358@Turkcell.com,bmorton,jYt0eXZ+DJ4=
vpatel359@KTC.com,vpatel,nSe0/gVnSAg=
lbaker360@Jio.com,lbaker,KJacKiOU5ck=
mgarrett361@Optus.com,mgarrett,FzTFqoj5Zwg=
acraig362@Telus.com,acraig,iYbocohUlo4=
hcano363@Rogers.com,hcano,rKXSityAoiA=
jjimenez364@UUnet.com,jjimenez,wt7QzPygaB8=
ahenson365@ICom.com,ahenson,wV0c0XEB5os=
dcantrel366@Chunghwa.com,dcantrel,da7kJPSwLi0=
kbonilla368@Vodafone.com,kbonilla,fpEDGMxeViw=
lashley370@KTC.com,lashley,km3a7HP90T4=
olarson371@Telkom.com,olarson,n6ozVY+P7c0=
bmckay372@Movil.com,bmckay,QaQtoKb6aK4=
aday373@TelecomItalia.com,aday,kNDoMo8ufmg=
rbrandt374@NetCom.com,rbrandt,GzNe4P3MRwE=
rbanks375@PTCL.com,rbanks,dtIX4UZR3mw=
nochoa376@Jio.com,nochoa,r46osu4pZP4=
wchavez377@APICnet.com,wchavez,Rpst1hizBhs=
kstephen378@Unicom.com,kstephen,NAgvXc6PW84=
tcordova379@Millicom.com,tcordova,sunUNqNCBy0=
warellan380@Telstra.com,warellan,2JxSlkUcLLg=
ppatel381@APICnet.com,ppatel,Z4nSke06dCQ=
jballard382@Vodafone.com,jballard,TtKA712OC7Y=
ashannon383@Telekom.com,ashannon,LP8tYQD88XI=
smayer384@Bifty.com,smayer,mYCCobJysEg=
ivu385@Telstra.com,ivu,Rpkr5SxmvLA=
mrasmuss386@Telus.com,mrasmuss,j+wcsrK9nBU=
smack387@KTC.com,smack,oIUwCXfwtVQ=
fherrera388@BT.com,fherrera,Ta1QYbclUoM=
cvillega389@Jio.com,cvillega,r/GdCwUubfQ=
mwashing390@APICnet.com,mwashing,3MZn+mVuZLk=
draymond391@LookData.com,draymond,DLuk/xgr3Rw=
cingram392@VimpelCom.com,cingram,tZTdNApL3ls=
hspence393@Airtel.com,hspence,ahKQP3hQ5So=
nwalton394@NetCom.com,nwalton,NxSKr11BjRw=
nrusso395@Orange.com,nrusso,ct9mcyArVwQ=
pweiss396@Bifty.com,pweiss,wcj/4wrJ9yY=
mgiles397@PTCL.com,mgiles,LMU17wcMSoM=
channa398@NII.com,channa,Z7siWTbYNhU=
gingram399@Belgacom.com,gingram,s7gickndnxw=
